{
    "logistic_regression": {
        "accuracy": 0.8398136534671206,
        "precision": 0.8520166073546857,
        "recall": 0.8791309669522643,
        "f1": 0.8653614457831326,
        "roc_auc": 0.9122764683252185
    },
    "random_forest": {
        "accuracy": 0.9960580541121663,
        "precision": 0.9978527607361963,
        "recall": 0.9954100367197063,
        "f1": 0.9966299019607843,
        "roc_auc": 0.9999488019660046
    }
}