{
    "logistic_regression": {
        "accuracy": 0.8398136534671206,
        "precision": 0.8520166073546857,
        "recall": 0.8791309669522643,
        "f1": 0.8653614457831326,
        "roc_auc": 0.9122764683252185
    },
    "random_forest": {
        "accuracy": 0.8261960222182405,
        "precision": 0.8411520190023754,
        "recall": 0.866891064871481,
        "f1": 0.853827606992164,
        "roc_auc": 0.8991260482367502
    }
}