{
    "logistic_regression": {
        "accuracy": 0.8398136534671206,
        "precision": 0.8520166073546857,
        "recall": 0.8791309669522643,
        "f1": 0.8653614457831326,
        "roc_auc": 0.9122764683252185
    },
    "random_forest": {
        "accuracy": 0.9962372334707041,
        "precision": 0.9969390878481788,
        "recall": 0.9966340269277846,
        "f1": 0.9967865340474369,
        "roc_auc": 0.9999416580542843
    }
}